title,price,picture link,link to shop
Minecraft Starter Collection - Windows 10 Store Key GLOBAL,"30,99 €",https://cdn-products.eneba.com/resized-products/DygRqhNNUSmn0iKFYmutq5On7sjimfk_q5BNDr_BxCM_350x200_1x-0.jpeg,https://www.eneba.com//latam/windows-store-minecraft-starter-collection-windows-10-store-key-global
Minecraft Dungeons - Windows 10 Store Key GLOBAL,"17,93 €",https://cdn-products.eneba.com/resized-products/JEWhrBQ77M7rdz9tbIIxo7TLK06F1KMz98hfC6wrWJY_350x200_1x-0.jpeg,https://www.eneba.com//latam/other-minecraft-dungeons-windows-10-store-key-global
Minecraft: Java & Bedrock Edition Official website Key GLOBAL,"23,64 €",https://cdn-products.eneba.com/resized-products/Dbdx7ihzJk48bASi_G0jHEgx2obfGYE_tNyWsjtJ4a4_350x200_1x-0.png,https://www.eneba.com//latam/other-minecraft-java-bedrock-edition-official-website-key-global
Minecraft Dungeons Ultimate Edition XBOX LIVE Key GLOBAL,"24,32 €",https://cdn-products.eneba.com/resized-products/EBLfET3_NZDmtWkeL__--W7S08Ve2jj-YdywdA4fF40_350x200_1x-0.png,https://www.eneba.com//latam/xbox-minecraft-dungeons-ultimate-edition-xbox-live-key-global
Minecraft Dungeons - Windows 10 Store Key LATAM,"16,00 €",https://cdn-products.eneba.com/resized-products/JEWhrBQ77M7rdz9tbIIxo7TLK06F1KMz98hfC6wrWJY_350x200_1x-0.jpeg,https://www.eneba.com//latam/other-minecraft-dungeons-windows-10-store-key-latam
Minecraft Dungeons: Hero Edition - Código de Windows 10 Store GLOBAL,"53,39 €",https://cdn-products.eneba.com/resized-products/3Yc0LrOY0HS0zx1YKLokua_bFgtLdk9NYX5SGsCQiFI_350x200_1x-0.jpeg,https://www.eneba.com//latam/other-minecraft-dungeons-hero-edition-windows-10-store-key-global
Minecraft Starter Collection XBOX LIVE Live Key GLOBAL,"28,99 €",https://cdn-products.eneba.com/resized-products/g4XH5TafVtbasTxO5O_I4T2xIBnn-mNz-jKjyKbBQ1U_350x200_1x-0.jpeg,https://www.eneba.com//latam/xbox-minecraft-starter-collection-xbox-live-live-key-global
Minecraft Dungeons (Xbox One) Xbox Live Key GLOBAL,"17,29 €",https://cdn-products.eneba.com/resized-products/0QPaE6-_Mt7KM-jZAwouxbPcQPMolls3m-MPuWtA7yI_350x200_1x-0.jpeg,https://www.eneba.com//latam/xbox-minecraft-dungeons-xbox-one-xbox-live-key-global
Minecraft: Windows 10 Edition - Windows 10 Store Clave GLOBAL,"24,93 €",https://cdn-products.eneba.com/resized-products/mp6a3WpBEg3oX4iidlH8NYskzTrpcgj6aAFNe5BqbS0_350x200_1x-0.jpeg,https://www.eneba.com//latam/xbox-minecraft-windows-10-edition-xbox-live-global-key
Minecraft (Xbox One) Live Key de Xbox GLOBAL,"19,53 €",https://cdn-products.eneba.com/resized-products/QxAeQgcyl-w1ljdkwptBZlBunwVCuJhRsGZPIiiIceI_350x200_1x-0.jpeg,https://www.eneba.com//latam/xbox-minecraft-xbox-one-xbox-live-key-global
Minecraft XBOX LIVE Key ARGENTINA,"2,43 €",https://cdn-products.eneba.com/resized-products/QxAeQgcyl-w1ljdkwptBZlBunwVCuJhRsGZPIiiIceI_350x200_1x-0.jpeg,https://www.eneba.com//latam/xbox-minecraft-xbox-live-key-argentina
Minecraft Master Collection  (Xbox One) Xbox Live Key GLOBAL,"95,60 €",https://cdn-products.eneba.com/resized-products/T4HFEguE9Y4xT5JB7F0ASWgEjobE7wRmSP_GR8lH-ek_350x200_1x-0.jpeg,https://www.eneba.com//latam/xbox-minecraft-master-collection-xbox-one-xbox-live-key-global
Minecraft: Java Edition (PC) Código de Official Website GLOBAL,"30,36 €",https://cdn-products.eneba.com/resized-products/Xl1yxdDvS66HrBBK3wVM03JuBzJrcXmJyz91if0l2NA_350x200_1x-0.jpeg,https://www.eneba.com//latam/other-minecraft-java-edition-pc-official-website-key-global
Minecraft Dungeons: Hero Edition (Xbox One) Código de Xbox Live GLOBAL,"55,55 €",https://cdn-products.eneba.com/resized-products/8K3V4I5oWxfqq8_nkCYBgRfIP6jrcyADdpqclm7RazM_350x200_1x-0.jpeg,https://www.eneba.com//latam/xbox-minecraft-dungeons-hero-edition-xbox-one-xbox-live-key-global
Minecraft: Story Mode - A Telltale Games Series Steam Key GLOBAL,"32,84 €",https://cdn-products.eneba.com/resized-products/qbuzkwbj8kskaphzcfsr_350x200_1x-0.jpg,https://www.eneba.com//latam/steam-minecraft-story-mode-a-telltale-games-series-steam-key-global
Minecraft: Windows 10 Edition - Windows 10 Store Clave ARGENTINA,"14,15 €",https://cdn-products.eneba.com/resized-products/mp6a3WpBEg3oX4iidlH8NYskzTrpcgj6aAFNe5BqbS0_350x200_1x-0.jpeg,https://www.eneba.com//latam/other-minecraft-windows-10-edition-microsoft-key-argentina
Minecraft Dungeons Ultimate Edition - Windows 10 Store Key GLOBAL,"26,68 €",https://cdn-products.eneba.com/resized-products/czc3rK1RyFdvgBh4qywLhDApEoXq08xxMdpIoQ5S-9U_350x200_1x-0.jpeg,https://www.eneba.com//latam/windows-store-minecraft-dungeons-ultimate-edition-windows-10-store-key-global
Minecraft Starter Collection - Windows 10 Store Key ARGENTINA,"",https://cdn-products.eneba.com/resized-products/DygRqhNNUSmn0iKFYmutq5On7sjimfk_q5BNDr_BxCM_350x200_1x-0.jpeg,https://www.eneba.com//latam/windows-store-minecraft-starter-collection-windows-10-store-key-argentina
Minecraft Master Collection XBOX LIVE Key ARGENTINA,"",https://cdn-products.eneba.com/resized-products/T4HFEguE9Y4xT5JB7F0ASWgEjobE7wRmSP_GR8lH-ek_350x200_1x-0.jpeg,https://www.eneba.com//latam/xbox-minecraft-master-collection-xbox-live-key-argentina
BoneCraft Steam Key GLOBAL,"",https://cdn-products.eneba.com/resized-products/dzCe012spo6n8Yv7i-x6ANj-OdDDbgMDQaPRNpru7-U_350x200_1x-0.jpeg,https://www.eneba.com//latam/steam-bonecraft-steam-key-global
