Name,Price,Discount,Image,Link
Way of the Hunter - Free UTV DLC,$0.00,0%,https://images.gog-statics.com/82fae0323f0798d17e66ae06b8fb5d92ed5654d50fb27e152f4438801eb4575b_product_tile_extended_432x243.webp,https://www.gog.com/en/game/way_of_the_hunter_free_utv_dlc
Demons Roots UNRATED,$0.00,0%,https://images.gog-statics.com/c5f76ccc229f287aff1016cec5ed21038aa38298208dd6cfe18736168f36c79f_product_tile_extended_432x243.webp,https://www.gog.com/en/game/demons_roots_unrated
Space Tail: Homecoming,$0.00,0%,https://images.gog-statics.com/3a9e3cc03bfa4cab54be36927b879b9f76a6e81cc9d78690b746ad3c0eac62b8_product_tile_extended_432x243.webp,https://www.gog.com/en/game/space_tail_homecoming
The Feast,$0.00,0%,https://images.gog-statics.com/b188993796d92e5fc2cf3e3efa95a31bb5bbfa8964d4e63579a91ab184c250e4_product_tile_extended_432x243.webp,https://www.gog.com/en/game/the_feast
Chromosome Evil - Cheat Trainer,$0.00,0%,https://images.gog-statics.com/377d48c2dd101abc60e7781a22ab7bc535f5084c69eef38fe561f44fa2cec5c3_product_tile_extended_432x243.webp,https://www.gog.com/en/game/chromosome_evil_cheat_trainer
Heavenly Heroes of Antidomi UNRATED,$0.00,0%,https://images.gog-statics.com/6bdba080e0d01f61b80627a918ed43e7a3c9d9a2998a9d4524fd1f290e3ef1da_product_tile_extended_432x243.webp,https://www.gog.com/en/game/heavenly_heroes_of_antidomi_unrated
Into the Nightmare UNRATED,$0.00,0%,https://images.gog-statics.com/0f0d9753d12934f79e8300c2170be9c245591e33e71fb51543bb962962a6b8e9_product_tile_extended_432x243.webp,https://www.gog.com/en/game/into_the_nightmare_unrated
R-Type Final 2: New Pilot Support Pack,$0.00,0%,https://images.gog-statics.com/ac2b493c138771e8f2a2710e02c158e5b9a6d881a54d4a5f0f168b96262f7c85_product_tile_extended_432x243.webp,https://www.gog.com/en/game/rtype_final_2_new_pilot_support_pack
Gore Screaming Show unrated patch,$0.00,0%,https://images.gog-statics.com/e07d5f2fdff48b4e706e3b528246e0a394badce699cff2297eed63b2adcb7155_product_tile_extended_432x243.webp,https://www.gog.com/en/game/gore_screaming_show_unrated_patch
Tunguska The Visitation - Ghost of Valentin,$0.00,0%,https://images.gog-statics.com/2ead5c184228f5249c85bb9bc42c4ca800a32df87b62b4ae2e6ab2497e942315_product_tile_extended_432x243.webp,https://www.gog.com/en/game/tunguska_the_visitation_ghost_of_valentin
It's a Wrap Demo,$0.00,0%,https://images.gog-statics.com/8eae02ec38a19dc39e5e395697a97ef3a898a2b921c6f616b24acabc7d0b6b09_product_tile_extended_432x243.webp,https://www.gog.com/en/game/its_a_wrap_demo
Clash II Soundtrack,$0.00,0%,https://images.gog-statics.com/62a45a84c2efb796f4a8404111bd194e8436d344bfcf4abfacd493b1078be8ae_product_tile_extended_432x243.webp,https://www.gog.com/en/game/clash_ii_soundtrack
The Scarlet Demonslayer UNRATED,$0.00,0%,https://media.kasperskydaily.com/wp-content/uploads/sites/92/2020/02/17105257/game-ratings-featured.jpg,https://www.gog.com/en/game/the_scarlet_demonslayer_unrated
Sandwalkers: The Fourteenth Caravan,$0.00,0%,https://media.kasperskydaily.com/wp-content/uploads/sites/92/2020/02/17105257/game-ratings-featured.jpg,https://www.gog.com/en/game/sandwalkers_the_fourteenth_caravan
NecroBouncer: Prologue,$0.00,0%,https://media.kasperskydaily.com/wp-content/uploads/sites/92/2020/02/17105257/game-ratings-featured.jpg,https://www.gog.com/en/game/necrobouncer_prologue
LEGOÂ® Bricktales DEMO,$0.00,0%,https://media.kasperskydaily.com/wp-content/uploads/sites/92/2020/02/17105257/game-ratings-featured.jpg,https://www.gog.com/en/game/lego_bricktales_demo
CHAOS;HEAD NOAH - Costume DLC,$0.00,0%,https://media.kasperskydaily.com/wp-content/uploads/sites/92/2020/02/17105257/game-ratings-featured.jpg,https://www.gog.com/en/game/chaos_head_noah_costume_dlc
Gamedec - Definitive Edition - Free Characters Bundle,$0.00,0%,https://media.kasperskydaily.com/wp-content/uploads/sites/92/2020/02/17105257/game-ratings-featured.jpg,https://www.gog.com/en/game/gamedec_definitive_edition_free_characters_bundle
Tower of Ardia UNRATED,$0.00,0%,https://media.kasperskydaily.com/wp-content/uploads/sites/92/2020/02/17105257/game-ratings-featured.jpg,https://www.gog.com/en/game/tower_of_ardia_unrated
Chasm: The Rift Demo,$0.00,0%,https://media.kasperskydaily.com/wp-content/uploads/sites/92/2020/02/17105257/game-ratings-featured.jpg,https://www.gog.com/en/game/chasmtherift_demo
Potion Permit - Poster (F),$0.00,0%,https://media.kasperskydaily.com/wp-content/uploads/sites/92/2020/02/17105257/game-ratings-featured.jpg,https://www.gog.com/en/game/potion_permit_poster_f
Potion Permit - Poster (M),$0.00,0%,https://media.kasperskydaily.com/wp-content/uploads/sites/92/2020/02/17105257/game-ratings-featured.jpg,https://www.gog.com/en/game/potion_permit_poster_m
Vagrus - The Riven Realms: Seekers of Knowledge,$0.00,0%,https://media.kasperskydaily.com/wp-content/uploads/sites/92/2020/02/17105257/game-ratings-featured.jpg,https://www.gog.com/en/game/vagrus_the_riven_realms_seekers_of_knowledge
Diluvian Winds: Prologue,$0.00,0%,https://media.kasperskydaily.com/wp-content/uploads/sites/92/2020/02/17105257/game-ratings-featured.jpg,https://www.gog.com/en/game/diluvian_winds_prologue
Prison Architect - Free For Life,$0.00,0%,https://media.kasperskydaily.com/wp-content/uploads/sites/92/2020/02/17105257/game-ratings-featured.jpg,https://www.gog.com/en/game/prison_architect_free_for_life
The Imperial Gatekeeper UNRATED,$0.00,0%,https://media.kasperskydaily.com/wp-content/uploads/sites/92/2020/02/17105257/game-ratings-featured.jpg,https://www.gog.com/en/game/the_imperial_gatekeeper_unrated
Flashout 3D: Enhanced Edition,$0.00,0%,https://media.kasperskydaily.com/wp-content/uploads/sites/92/2020/02/17105257/game-ratings-featured.jpg,https://www.gog.com/en/game/flashout_3d_enhanced_edition
Fall of Porcupine: Prologue,$0.00,0%,https://media.kasperskydaily.com/wp-content/uploads/sites/92/2020/02/17105257/game-ratings-featured.jpg,https://www.gog.com/en/game/fall_of_porcupine_prologue
Noelle Does Her Best! UNRATED,$0.00,0%,https://media.kasperskydaily.com/wp-content/uploads/sites/92/2020/02/17105257/game-ratings-featured.jpg,https://www.gog.com/en/game/noelle_does_her_best_unrated
Illuminaria Demo,$0.00,0%,https://media.kasperskydaily.com/wp-content/uploads/sites/92/2020/02/17105257/game-ratings-featured.jpg,https://www.gog.com/en/game/illuminaria_demo
Apostle: Rebellion UNRATED,$0.00,0%,https://media.kasperskydaily.com/wp-content/uploads/sites/92/2020/02/17105257/game-ratings-featured.jpg,https://www.gog.com/en/game/apostle_rebellion_unrated
Chernobylite Short Story: The Arrival,$0.00,0%,https://media.kasperskydaily.com/wp-content/uploads/sites/92/2020/02/17105257/game-ratings-featured.jpg,https://www.gog.com/en/game/chernobylite_short_story_the_arrival
Castaway of the Ardusta Sea UNRATED,$0.00,0%,https://media.kasperskydaily.com/wp-content/uploads/sites/92/2020/02/17105257/game-ratings-featured.jpg,https://www.gog.com/en/game/castaway_of_the_ardusta_sea_unrated
Serafina and the Key to the Egg UNRATED,$0.00,0%,https://media.kasperskydaily.com/wp-content/uploads/sites/92/2020/02/17105257/game-ratings-featured.jpg,https://www.gog.com/en/game/serafina_and_the_key_to_the_egg_unrated
Warlock character for B.I.O.T.A.,$0.00,0%,https://media.kasperskydaily.com/wp-content/uploads/sites/92/2020/02/17105257/game-ratings-featured.jpg,https://www.gog.com/en/game/warlock_character_for_biota
Demon Sword: Incubus UNRATED,$0.00,0%,https://media.kasperskydaily.com/wp-content/uploads/sites/92/2020/02/17105257/game-ratings-featured.jpg,https://www.gog.com/en/game/demon_sword_incubus_unrated
The Triumphant Return of Diabolos UNRATED,$0.00,0%,https://media.kasperskydaily.com/wp-content/uploads/sites/92/2020/02/17105257/game-ratings-featured.jpg,https://www.gog.com/en/game/the_triumphant_return_of_diabolos_unrated
Necromunda: Hired Gun - Spire Noble Skin Pack,$0.00,0%,https://media.kasperskydaily.com/wp-content/uploads/sites/92/2020/02/17105257/game-ratings-featured.jpg,https://www.gog.com/en/game/necromunda_hired_gun_spire_noble_skin_pack
Destroy All Humans! Clone Carnage,$0.00,0%,https://media.kasperskydaily.com/wp-content/uploads/sites/92/2020/02/17105257/game-ratings-featured.jpg,https://www.gog.com/en/game/destroy_all_humans_clone_carnage
Knights of Messiah UNRATED,$0.00,0%,https://media.kasperskydaily.com/wp-content/uploads/sites/92/2020/02/17105257/game-ratings-featured.jpg,https://www.gog.com/en/game/knights_of_messiah_unrated
Kao the Kangaroo - Summer Drip,$0.00,0%,https://media.kasperskydaily.com/wp-content/uploads/sites/92/2020/02/17105257/game-ratings-featured.jpg,https://www.gog.com/en/game/kao_the_kangaroo_summer_drip
Kao the Kangaroo - Top of the Class,$0.00,0%,https://media.kasperskydaily.com/wp-content/uploads/sites/92/2020/02/17105257/game-ratings-featured.jpg,https://www.gog.com/en/game/kao_the_kangaroo_top_of_the_class
Kao the Kangaroo - VIP,$0.00,0%,https://media.kasperskydaily.com/wp-content/uploads/sites/92/2020/02/17105257/game-ratings-featured.jpg,https://www.gog.com/en/game/kao_the_kangaroo_vip
Fabled Lands Demo,$0.00,0%,https://media.kasperskydaily.com/wp-content/uploads/sites/92/2020/02/17105257/game-ratings-featured.jpg,https://www.gog.com/en/game/fabled_lands_demo
Sherlock Holmes Chapter One - Clergyman Cassock,$0.00,0%,https://media.kasperskydaily.com/wp-content/uploads/sites/92/2020/02/17105257/game-ratings-featured.jpg,https://www.gog.com/en/game/sherlock_holmes_chapter_one_clergyman_cassock
Magical Girl Celesphonia UNRATED,$0.00,0%,https://media.kasperskydaily.com/wp-content/uploads/sites/92/2020/02/17105257/game-ratings-featured.jpg,https://www.gog.com/en/game/magical_girl_celesphonia_unrated
Vagrus - The Riven Realms: Vorax,$0.00,0%,https://media.kasperskydaily.com/wp-content/uploads/sites/92/2020/02/17105257/game-ratings-featured.jpg,https://www.gog.com/en/game/vagrus_the_riven_realms_vorax
Chromosome Evil - New Weapon & Weapons Customization,$0.00,0%,https://media.kasperskydaily.com/wp-content/uploads/sites/92/2020/02/17105257/game-ratings-featured.jpg,https://www.gog.com/en/game/chromosome_evil_new_weapon_weapons_customization
