name,price,imgLink,linkToShop
EA SPORTS™ FIFA 23,$69.99$27.99,https://cdn.akamai.steamstatic.com/steam/apps/1811260/capsule_sm_120.jpg?t=1672758344,https://store.steampowered.com/app/1811260/EA_SPORTS_FIFA_23/?snr=1_7_7_7000_150_1
Red Dead Redemption 2,$59.99$19.79,https://cdn.akamai.steamstatic.com/steam/apps/1174180/capsule_sm_120.jpg?t=1671485009,https://store.steampowered.com/app/1174180/Red_Dead_Redemption_2/?snr=1_7_7_7000_150_1
Hogwarts Legacy,$59.99,https://cdn.akamai.steamstatic.com/steam/apps/990080/capsule_sm_120.jpg?t=1673637592,https://store.steampowered.com/app/990080/Hogwarts_Legacy/?snr=1_7_7_7000_150_1
Call of Duty®: Modern Warfare® II,$69.99,https://cdn.akamai.steamstatic.com/steam/apps/1938090/capsule_sm_120.jpg?t=1671472823,https://store.steampowered.com/app/1938090/Call_of_Duty_Modern_Warfare_II/?snr=1_7_7_7000_150_1
Cyberpunk 2077,$59.99$29.99,https://cdn.akamai.steamstatic.com/steam/apps/1091500/capsule_sm_120.jpg?t=1663663573,https://store.steampowered.com/app/1091500/Cyberpunk_2077/?snr=1_7_7_7000_150_1
Lost Ark,Free To Play,https://cdn.akamai.steamstatic.com/steam/apps/1599340/capsule_sm_120.jpg?t=1673370109,https://store.steampowered.com/app/1599340/Lost_Ark/?snr=1_7_7_7000_150_1
The Sims™ 4,Free To Play,https://cdn.akamai.steamstatic.com/steam/apps/1222670/capsule_sm_120_alt_assets_4.jpg?t=1674232903,https://store.steampowered.com/app/1222670/The_Sims_4/?snr=1_7_7_7000_150_1
Forza Horizon 5,$59.99$38.99,https://cdn.akamai.steamstatic.com/steam/apps/1551360/capsule_sm_120.jpg?t=1673029404,https://store.steampowered.com/app/1551360/Forza_Horizon_5/?snr=1_7_7_7000_150_1
Forspoken,$69.99,https://cdn.akamai.steamstatic.com/steam/apps/1680880/capsule_sm_120.jpg?t=1674229729,https://store.steampowered.com/app/1680880/Forspoken/?snr=1_7_7_7000_150_1
ELDEN RING,$59.99,https://cdn.akamai.steamstatic.com/steam/apps/1245620/capsule_sm_120.jpg?t=1674255492,https://store.steampowered.com/app/1245620/ELDEN_RING/?snr=1_7_7_7000_150_1
Grand Theft Auto: San Andreas – The Definitive Edition,$59.99$29.99,https://cdn.akamai.steamstatic.com/steam/apps/1547000/capsule_sm_120.jpg?t=1674170442,https://store.steampowered.com/app/1547000/Grand_Theft_Auto_San_Andreas__The_Definitive_Edition/?snr=1_7_7_7000_150_1
Kena: Bridge of Spirits,$39.99$19.99,https://cdn.akamai.steamstatic.com/steam/apps/1954200/capsule_sm_120.jpg?t=1664298117,https://store.steampowered.com/app/1954200/Kena_Bridge_of_Spirits/?snr=1_7_7_7000_150_1
The Witcher® 3: Wild Hunt,$39.99$7.99,https://cdn.akamai.steamstatic.com/steam/apps/292030/capsule_sm_120.jpg?t=1673427135,https://store.steampowered.com/app/292030/The_Witcher_3_Wild_Hunt/?snr=1_7_7_7000_150_1
Titanfall® 2,$29.99$2.99,https://cdn.akamai.steamstatic.com/steam/apps/1237970/capsule_sm_120.jpg?t=1668565264,https://store.steampowered.com/app/1237970/Titanfall_2/?snr=1_7_7_7000_150_1
Tom Clancy's Rainbow Six® Siege,$19.99,https://cdn.akamai.steamstatic.com/steam/apps/359550/capsule_sm_120.jpg?t=1674233642,https://store.steampowered.com/app/359550/Tom_Clancys_Rainbow_Six_Siege/?snr=1_7_7_7000_150_1
Dead Space,$59.99,https://cdn.akamai.steamstatic.com/steam/apps/1693980/capsule_sm_120.jpg?t=1674224297,https://store.steampowered.com/app/1693980/Dead_Space/?snr=1_7_7_7000_150_1
God of War,$49.99$29.99,https://cdn.akamai.steamstatic.com/steam/apps/1593500/capsule_sm_120.jpg?t=1650554420,https://store.steampowered.com/app/1593500/God_of_War/?snr=1_7_7_7000_150_1
Horizon Zero Dawn™ Complete Edition,$49.99$16.49,https://cdn.akamai.steamstatic.com/steam/apps/1151640/capsule_sm_120.jpg?t=1667297464,https://store.steampowered.com/app/1151640/Horizon_Zero_Dawn_Complete_Edition/?snr=1_7_7_7000_150_1
Warframe,Free to Play,https://cdn.akamai.steamstatic.com/steam/apps/230410/capsule_sm_120.jpg?t=1671045081,https://store.steampowered.com/app/230410/Warframe/?snr=1_7_7_7000_150_1
Persona 5 Royal,$59.99$41.99,https://cdn.akamai.steamstatic.com/steam/apps/1687950/capsule_sm_120.jpg?t=1671645108,https://store.steampowered.com/app/1687950/Persona_5_Royal/?snr=1_7_7_7000_150_1
Muse Dash,$2.99$0.89,https://cdn.akamai.steamstatic.com/steam/apps/774171/capsule_sm_120.jpg?t=1672727726,https://store.steampowered.com/app/774171/Muse_Dash/?snr=1_7_7_7000_150_1
NBA 2K23,$99.99$49.99,https://cdn.akamai.steamstatic.com/steam/apps/1919590/capsule_sm_120.jpg?t=1673625785,https://store.steampowered.com/app/1919590/NBA_2K23/?snr=1_7_7_7000_150_1
Project Zomboid,$19.99,https://cdn.akamai.steamstatic.com/steam/apps/108600/capsule_sm_120.jpg?t=1667832656,https://store.steampowered.com/app/108600/Project_Zomboid/?snr=1_7_7_7000_150_1
FINAL FANTASY XIV Online,$19.99,https://cdn.akamai.steamstatic.com/steam/apps/39210/capsule_sm_120.jpg?t=1669805579,https://store.steampowered.com/app/39210/FINAL_FANTASY_XIV_Online/?snr=1_7_7_7000_150_1
Tom Clancy’s The Division® 2,$29.99$9.00,https://cdn.akamai.steamstatic.com/steam/apps/2221490/capsule_sm_120.jpg?t=1674233942,https://store.steampowered.com/app/2221490/Tom_Clancys_The_Division_2/?snr=1_7_7_7000_150_1
Devil May Cry 5,$29.99$9.89,https://cdn.akamai.steamstatic.com/steam/apps/601150/capsule_sm_120.jpg?t=1671156554,https://store.steampowered.com/app/601150/Devil_May_Cry_5/?snr=1_7_7_7000_150_1
Battlefield™ V,$49.99$4.99,https://cdn.akamai.steamstatic.com/steam/apps/1238810/capsule_sm_120.jpg?t=1664070673,https://store.steampowered.com/app/1238810/Battlefield_V/?snr=1_7_7_7000_150_1
Need for Speed™ Unbound,$69.99$34.99,https://cdn.akamai.steamstatic.com/steam/apps/1846380/capsule_sm_120.jpg?t=1673368466,https://store.steampowered.com/app/1846380/Need_for_Speed_Unbound/?snr=1_7_7_7000_150_1
Monster Hunter: World,$29.99$14.99,https://cdn.akamai.steamstatic.com/steam/apps/582010/capsule_sm_120.jpg?t=1661838392,https://store.steampowered.com/app/582010/Monster_Hunter_World/?snr=1_7_7_7000_150_1
ASTRONEER,$29.99$14.99,https://cdn.akamai.steamstatic.com/steam/apps/361420/capsule_sm_120.jpg?t=1656698434,https://store.steampowered.com/app/361420/ASTRONEER/?snr=1_7_7_7000_150_1
Days Gone,$49.99$16.49,https://cdn.akamai.steamstatic.com/steam/apps/1259420/capsule_sm_120.jpg?t=1635476187,https://store.steampowered.com/app/1259420/Days_Gone/?snr=1_7_7_7000_150_1
Risk of Rain 2,$24.99$12.49,https://cdn.akamai.steamstatic.com/steam/apps/632360/capsule_sm_120.jpg?t=1660063598,https://store.steampowered.com/app/632360/Risk_of_Rain_2/?snr=1_7_7_7000_150_1
Raft,$19.99,https://cdn.akamai.steamstatic.com/steam/apps/648800/capsule_sm_120.jpg?t=1655744208,https://store.steampowered.com/app/648800/Raft/?snr=1_7_7_7000_150_1
Cities: Skylines,$29.99,https://cdn.akamai.steamstatic.com/steam/apps/255710/capsule_sm_120.jpg?t=1670837127,https://store.steampowered.com/app/255710/Cities_Skylines/?snr=1_7_7_7000_150_1
Ready or Not,$39.99,https://cdn.akamai.steamstatic.com/steam/apps/1144200/capsule_sm_120.jpg?t=1672853208,https://store.steampowered.com/app/1144200/Ready_or_Not/?snr=1_7_7_7000_150_1
The Elder Scrolls® Online,$19.99,https://cdn.akamai.steamstatic.com/steam/apps/306130/capsule_sm_120.jpg?t=1667312669,https://store.steampowered.com/app/306130/The_Elder_Scrolls_Online/?snr=1_7_7_7000_150_1
MONSTER HUNTER RISE,$39.99,https://cdn.akamai.steamstatic.com/steam/apps/1446780/capsule_sm_120.jpg?t=1670323598,https://store.steampowered.com/app/1446780/MONSTER_HUNTER_RISE/?snr=1_7_7_7000_150_1
Sea of Thieves,$39.99,https://cdn.akamai.steamstatic.com/steam/apps/1172620/capsule_sm_120.jpg?t=1673489975,https://store.steampowered.com/app/1172620/Sea_of_Thieves/?snr=1_7_7_7000_150_1
Forza Horizon 4,$59.99$19.79,https://cdn.akamai.steamstatic.com/steam/apps/1293830/capsule_sm_120.jpg?t=1667326422,https://store.steampowered.com/app/1293830/Forza_Horizon_4/?snr=1_7_7_7000_150_1
The Forest,$19.99,https://cdn.akamai.steamstatic.com/steam/apps/242760/capsule_sm_120.jpg?t=1666811027,https://store.steampowered.com/app/242760/The_Forest/?snr=1_7_7_7000_150_1
Valheim,$19.99,https://cdn.akamai.steamstatic.com/steam/apps/892970/capsule_sm_120.jpg?t=1673342039,https://store.steampowered.com/app/892970/Valheim/?snr=1_7_7_7000_150_1
Stardew Valley,$14.99,https://cdn.akamai.steamstatic.com/steam/apps/413150/capsule_sm_120.jpg?t=1666917466,https://store.steampowered.com/app/413150/Stardew_Valley/?snr=1_7_7_7000_150_1
RimWorld,$34.99,https://cdn.akamai.steamstatic.com/steam/apps/294100/capsule_sm_120.jpg?t=1666905455,https://store.steampowered.com/app/294100/RimWorld/?snr=1_7_7_7000_150_1
A Plague Tale: Requiem,$49.99$34.99,https://cdn.akamai.steamstatic.com/steam/apps/1182900/capsule_sm_120.jpg?t=1674222829,https://store.steampowered.com/app/1182900/A_Plague_Tale_Requiem/?snr=1_7_7_7000_150_1
Arma 3,$29.99$7.49,https://cdn.akamai.steamstatic.com/steam/apps/107410/capsule_sm_120.jpg?t=1655998601,https://store.steampowered.com/app/107410/Arma_3/?snr=1_7_7_7000_150_1
Total War: THREE KINGDOMS,$59.99$20.39,https://cdn.akamai.steamstatic.com/steam/apps/779340/capsule_sm_120.jpg?t=1668768473,https://store.steampowered.com/app/779340/Total_War_THREE_KINGDOMS/?snr=1_7_7_7000_150_1
Yu-Gi-Oh! Master Duel,Free To Play,https://cdn.akamai.steamstatic.com/steam/apps/1449850/capsule_sm_120.jpg?t=1648616316,https://store.steampowered.com/app/1449850/YuGiOh_Master_Duel/?snr=1_7_7_7000_150_1
Wallpaper Engine,$3.99,https://cdn.akamai.steamstatic.com/steam/apps/431960/capsule_sm_120.jpg?t=1665921297,https://store.steampowered.com/app/431960/Wallpaper_Engine/?snr=1_7_7_7000_150_1
UNCHARTED™: Legacy of Thieves Collection,$49.99$34.99,https://cdn.akamai.steamstatic.com/steam/apps/1659420/capsule_sm_120.jpg?t=1672777947,https://store.steampowered.com/app/1659420/UNCHARTED_Legacy_of_Thieves_Collection/?snr=1_7_7_7000_150_1
